[
  {
    "otazka": "Dvihni ruku, ak si niekedy sedel na kolotoči."
  },
  {
    "otazka": "Dvihni ruku, ak si niekedy bol v Zoo."
  },
  {
    "otazka": "Dvihni ruku, ak máš na sebe ponožky."
  },
  {
    "otazka": "Dvihni ruku, ak si niekedy spal v stane."
  },
  {
    "otazka": "Dvihni ruku, ak si zlodej."
  },
  {
    "otazka": "Dvihni ruku, ak máš rád kolu."
  },
  {
    "otazka": "Dvihni ruku, ak sa bojíš tmy."
  },
  {
    "otazka": "Dvihni ruku, ak si myslíš, že vedľa teba sedí zlodej."
  },
  {
    "otazka": "Dvihni ruku, ak chodíš do školy."
  },
  {
    "otazka": "Dvihni ruku, ak máš pri sebe viac ako 2 eurá. (odhadom)"
  },
  {
    "otazka": "Dvihni ruku, ak vieš, kto je zlodej."
  },
  {
    "otazka": "Dvihni ruku, ak je vás v miestnosti viac ako 3."
  }
]