[
  {
    "otazka": "Ukáž na toho, kto je podľa teba najväčší spáč."
  },
  {
    "otazka": "Ukáž na toho, kto pozná všetkých členov One Direction."
  },
  {
    "otazka": "Ukáž na toho, kto je starší sko ty."
  },
  {
    "otazka": "Ukáž na toho, kto je mladší ako ty."
  },
  {
    "otazka": "Ukáž na toho, kto sa podľa teba boojí tmy."
  },
  {
    "otazka": "Ukáž na toho, kto je neporiadny."
  },
  {
    "otazka": "Ukáž na toho, kto má najviac priateľov na Facebooku."
  },
  {
    "otazka": "Ukáž na toho, kto sedí vedľa teba."
  },
  {
    "otazka": "Ukáž na toho, kto je podľa teba Detektív."
  },
  {
    "otazka": "Ukáž na toho, kto má rád Harryho Pottera."
  },
  {
    "otazka": "Ukáž na toho, kto je najväčší knihomoľ."
  },
  {
    "otazka": "Ukáž na toho, kto videl StarWars."
  },
  {
    "otazka": "Ukáž na toho, kto má aspoň jedného súrodenca."
  }
]